,start,end,duration,round_epochs,loss,accuracy,val_loss,val_accuracy,activation,batch_size,epochs,losses,optimizer
0,01/21/21-160325,01/21/21-160326,1.1653780937194824,18,0.6867048740386963,0.5611510872840881,0.6765244007110596,0.5930232405662537,sigmoid,2,160,logcosh,<tensorflow.python.keras.optimizer_v2.adam.Adam object at 0x7fc646b00970>
1,01/21/21-160328,01/21/21-160332,4.202048063278198,68,0.6713607311248779,0.5899280309677124,0.6658074855804443,0.5930232405662537,sigmoid,2,140,logcosh,<tensorflow.python.keras.optimizer_v2.adam.Adam object at 0x7fc646b00970>
2,01/21/21-160334,01/21/21-160336,2.532644748687744,140,0.40029844641685486,0.8417266011238098,0.4825488328933716,0.7790697813034058,sigmoid,50,140,binary_crossentropy,<tensorflow.python.keras.optimizer_v2.adam.Adam object at 0x7fc646b00970>
3,01/21/21-160337,01/21/21-160338,0.7439858913421631,19,0.6860706210136414,0.5611510872840881,0.6784198880195618,0.5930232405662537,sigmoid,15,180,logcosh,<tensorflow.python.keras.optimizer_v2.adam.Adam object at 0x7fc646b00970>
4,01/21/21-160340,01/21/21-160343,3.5479769706726074,67,0.670394241809845,0.5827338099479675,0.6705208420753479,0.6162790656089783,sigmoid,2,180,binary_crossentropy,<tensorflow.python.keras.optimizer_v2.adam.Adam object at 0x7fc6504f7c70>
5,01/21/21-160344,01/21/21-160348,3.50416898727417,67,0.6709791421890259,0.5611510872840881,0.668826162815094,0.5930232405662537,sigmoid,2,180,logcosh,<tensorflow.python.keras.optimizer_v2.adam.Adam object at 0x7fc646b00970>
6,01/21/21-160349,01/21/21-160352,2.3214478492736816,140,0.43479710817337036,0.7769784331321716,0.4658364951610565,0.8139534592628479,sigmoid,50,140,binary_crossentropy,<tensorflow.python.keras.optimizer_v2.adam.Adam object at 0x7fc646b00970>
7,01/21/21-160353,01/21/21-160356,3.4689910411834717,220,0.4140200614929199,0.8345323801040649,0.4719250798225403,0.8488371968269348,elu,50,220,logcosh,<tensorflow.python.keras.optimizer_v2.adam.Adam object at 0x7fc6504f7c70>
8,01/21/21-160358,01/21/21-160400,1.6925647258758545,25,0.687351644039154,0.5611510872840881,0.6785061359405518,0.5930232405662537,sigmoid,2,160,binary_crossentropy,<tensorflow.python.keras.optimizer_v2.adam.Adam object at 0x7fc6504f7c70>
9,01/21/21-160401,01/21/21-160403,1.9136834144592285,85,0.6473537683486938,0.6258992552757263,0.6555629372596741,0.6395348906517029,elu,15,140,logcosh,<tensorflow.python.keras.optimizer_v2.adam.Adam object at 0x7fc646b00970>
10,01/21/21-160404,01/21/21-160408,3.3601787090301514,140,0.6650709509849548,0.5899280309677124,0.6516520380973816,0.6162790656089783,elu,8,140,logcosh,<tensorflow.python.keras.optimizer_v2.adam.Adam object at 0x7fc646b00970>
11,01/21/21-160409,01/21/21-160414,4.996507883071899,220,0.3871278464794159,0.8345323801040649,0.4931277930736542,0.7906976938247681,elu,8,220,logcosh,<tensorflow.python.keras.optimizer_v2.adam.Adam object at 0x7fc6504f7c70>
12,01/21/21-160415,01/21/21-160419,3.8731095790863037,250,0.4161824882030487,0.7913669347763062,0.4537772834300995,0.8488371968269348,sigmoid,50,250,binary_crossentropy,<tensorflow.python.keras.optimizer_v2.adam.Adam object at 0x7fc6504f7c70>
13,01/21/21-160421,01/21/21-160423,2.087339401245117,98,0.669426441192627,0.6043165326118469,0.6597872376441956,0.6395348906517029,sigmoid,15,180,binary_crossentropy,<tensorflow.python.keras.optimizer_v2.adam.Adam object at 0x7fc646b00970>
14,01/21/21-160424,01/21/21-160427,3.297339677810669,140,0.5233551859855652,0.7482014298439026,0.5793012976646423,0.6860465407371521,sigmoid,8,140,logcosh,<tensorflow.python.keras.optimizer_v2.adam.Adam object at 0x7fc6504f7c70>
15,01/21/21-160429,01/21/21-160431,2.6147730350494385,140,0.5281392931938171,0.8345323801040649,0.5744521021842957,0.7790697813034058,elu,30,140,logcosh,<tensorflow.python.keras.optimizer_v2.adam.Adam object at 0x7fc6504f7c70>
16,01/21/21-160433,01/21/21-160437,4.359180212020874,250,0.35025864839553833,0.8201438784599304,0.4121831953525543,0.8255813717842102,elu,30,250,binary_crossentropy,<tensorflow.python.keras.optimizer_v2.adam.Adam object at 0x7fc646b00970>
17,01/21/21-160439,01/21/21-160442,3.332695484161377,160,0.5240545868873596,0.7769784331321716,0.5614028573036194,0.7674418687820435,elu,15,160,binary_crossentropy,<tensorflow.python.keras.optimizer_v2.adam.Adam object at 0x7fc6504f7c70>
18,01/21/21-160443,01/21/21-160446,2.9580867290496826,60,0.6683804988861084,0.5611510872840881,0.672581136226654,0.5930232405662537,sigmoid,2,160,logcosh,<tensorflow.python.keras.optimizer_v2.adam.Adam object at 0x7fc6504f7c70>
19,01/21/21-160448,01/21/21-160453,5.532836675643921,112,0.6365158557891846,0.6690647602081299,0.6661204695701599,0.5813953280448914,sigmoid,2,140,logcosh,<tensorflow.python.keras.optimizer_v2.adam.Adam object at 0x7fc6504f7c70>
20,01/21/21-160455,01/21/21-160458,3.779529571533203,69,0.6584505438804626,0.5899280309677124,0.6684767603874207,0.6279069781303406,elu,2,180,binary_crossentropy,<tensorflow.python.keras.optimizer_v2.adam.Adam object at 0x7fc6504f7c70>
21,01/21/21-160500,01/21/21-160503,3.7052392959594727,220,0.41315287351608276,0.8417266011238098,0.48715800046920776,0.7906976938247681,sigmoid,30,220,logcosh,<tensorflow.python.keras.optimizer_v2.adam.Adam object at 0x7fc646b00970>
22,01/21/21-160505,01/21/21-160510,4.7419703006744385,250,0.4134954810142517,0.7913669347763062,0.4715506136417389,0.7790697813034058,sigmoid,15,250,logcosh,<tensorflow.python.keras.optimizer_v2.adam.Adam object at 0x7fc6504f7c70>
23,01/21/21-160511,01/21/21-160516,5.024830341339111,220,0.40583449602127075,0.798561155796051,0.42760974168777466,0.8720930218696594,sigmoid,8,220,logcosh,<tensorflow.python.keras.optimizer_v2.adam.Adam object at 0x7fc6504f7c70>
24,01/21/21-160517,01/21/21-160520,2.813023805618286,160,0.42969828844070435,0.8489208817481995,0.4878782331943512,0.8139534592628479,sigmoid,30,160,binary_crossentropy,<tensorflow.python.keras.optimizer_v2.adam.Adam object at 0x7fc6504f7c70>
25,01/21/21-160522,01/21/21-160525,3.429856777191162,180,0.5088827610015869,0.8273381590843201,0.5563545823097229,0.7674418687820435,sigmoid,15,180,binary_crossentropy,<tensorflow.python.keras.optimizer_v2.adam.Adam object at 0x7fc646b00970>
26,01/21/21-160526,01/21/21-160530,3.85785174369812,250,0.32537737488746643,0.8848921060562134,0.3891611397266388,0.8720930218696594,sigmoid,50,250,logcosh,<tensorflow.python.keras.optimizer_v2.adam.Adam object at 0x7fc646b00970>
27,01/21/21-160532,01/21/21-160536,3.9417879581451416,220,0.40030109882354736,0.8776978254318237,0.448638916015625,0.8604651093482971,elu,30,220,logcosh,<tensorflow.python.keras.optimizer_v2.adam.Adam object at 0x7fc6504f7c70>
28,01/21/21-160537,01/21/21-160540,2.8707547187805176,54,0.6784633994102478,0.5755395889282227,0.6639182567596436,0.5930232405662537,sigmoid,2,140,logcosh,<tensorflow.python.keras.optimizer_v2.adam.Adam object at 0x7fc6504f7c70>
29,01/21/21-160541,01/21/21-160547,6.030336856842041,250,0.3956774175167084,0.8561151027679443,0.4822739064693451,0.8023256063461304,elu,8,250,logcosh,<tensorflow.python.keras.optimizer_v2.adam.Adam object at 0x7fc6504f7c70>
30,01/21/21-160549,01/21/21-160552,2.927940845489502,140,0.5710458159446716,0.7553957104682922,0.617985188961029,0.604651153087616,sigmoid,15,140,binary_crossentropy,<tensorflow.python.keras.optimizer_v2.adam.Adam object at 0x7fc6504f7c70>
31,01/21/21-160553,01/21/21-160557,3.5130374431610107,180,0.4449685513973236,0.798561155796051,0.5339859127998352,0.6860465407371521,elu,15,180,binary_crossentropy,<tensorflow.python.keras.optimizer_v2.adam.Adam object at 0x7fc6504f7c70>
32,01/21/21-160558,01/21/21-160602,3.5675909519195557,220,0.36874574422836304,0.8417266011238098,0.4664011597633362,0.7558139562606812,sigmoid,30,220,binary_crossentropy,<tensorflow.python.keras.optimizer_v2.adam.Adam object at 0x7fc6504f7c70>
33,01/21/21-160603,01/21/21-160607,4.056262731552124,220,0.40809184312820435,0.8345323801040649,0.48421376943588257,0.7790697813034058,elu,15,220,binary_crossentropy,<tensorflow.python.keras.optimizer_v2.adam.Adam object at 0x7fc646b00970>
34,01/21/21-160609,01/21/21-160619,10.005005598068237,180,0.40194135904312134,0.8345323801040649,0.46713975071907043,0.8023256063461304,elu,2,180,logcosh,<tensorflow.python.keras.optimizer_v2.adam.Adam object at 0x7fc6504f7c70>
35,01/21/21-160620,01/21/21-160624,4.293554306030273,180,0.6559677124023438,0.6115108132362366,0.6508081555366516,0.6395348906517029,sigmoid,8,180,logcosh,<tensorflow.python.keras.optimizer_v2.adam.Adam object at 0x7fc6504f7c70>
36,01/21/21-160626,01/21/21-160630,4.1908488273620605,250,0.31521177291870117,0.8705036044120789,0.38293248414993286,0.8488371968269348,elu,50,250,logcosh,<tensorflow.python.keras.optimizer_v2.adam.Adam object at 0x7fc646b00970>
37,01/21/21-160631,01/21/21-160635,3.2902066707611084,63,0.6716333031654358,0.5395683646202087,0.6760823726654053,0.5813953280448914,sigmoid,2,140,binary_crossentropy,<tensorflow.python.keras.optimizer_v2.adam.Adam object at 0x7fc6504f7c70>
38,01/21/21-160636,01/21/21-160638,1.500298023223877,62,0.671791672706604,0.5755395889282227,0.6643282175064087,0.5930232405662537,elu,15,140,binary_crossentropy,<tensorflow.python.keras.optimizer_v2.adam.Adam object at 0x7fc646b00970>
39,01/21/21-160639,01/21/21-160643,4.029999256134033,250,0.36332428455352783,0.8633093237876892,0.42760202288627625,0.8139534592628479,sigmoid,30,250,logcosh,<tensorflow.python.keras.optimizer_v2.adam.Adam object at 0x7fc6504f7c70>
40,01/21/21-160644,01/21/21-160648,3.586743116378784,160,0.462487131357193,0.7913669347763062,0.638764500617981,0.5813953280448914,sigmoid,8,160,logcosh,<tensorflow.python.keras.optimizer_v2.adam.Adam object at 0x7fc646b00970>
41,01/21/21-160650,01/21/21-160652,2.939105272293091,160,0.45187780261039734,0.8561151027679443,0.5286427140235901,0.7906976938247681,sigmoid,30,160,binary_crossentropy,<tensorflow.python.keras.optimizer_v2.adam.Adam object at 0x7fc6504f7c70>
42,01/21/21-160654,01/21/21-160657,2.9328529834747314,180,0.4179178476333618,0.8129496574401855,0.4896201193332672,0.7790697813034058,sigmoid,50,180,binary_crossentropy,<tensorflow.python.keras.optimizer_v2.adam.Adam object at 0x7fc6504f7c70>
43,01/21/21-160658,01/21/21-160703,4.308002233505249,220,0.35265377163887024,0.8705036044120789,0.4135938584804535,0.8604651093482971,sigmoid,15,220,logcosh,<tensorflow.python.keras.optimizer_v2.adam.Adam object at 0x7fc6504f7c70>
44,01/21/21-160704,01/21/21-160705,0.8870503902435303,26,0.6779517531394958,0.5827338099479675,0.6598025560379028,0.5930232405662537,sigmoid,8,140,binary_crossentropy,<tensorflow.python.keras.optimizer_v2.adam.Adam object at 0x7fc646b00970>
45,01/21/21-160706,01/21/21-160709,2.684675455093384,140,0.4837963283061981,0.798561155796051,0.5603307485580444,0.7558139562606812,sigmoid,15,140,binary_crossentropy,<tensorflow.python.keras.optimizer_v2.adam.Adam object at 0x7fc6504f7c70>
46,01/21/21-160710,01/21/21-160724,13.999902963638306,250,0.3723880350589752,0.8561151027679443,0.4488106667995453,0.8255813717842102,sigmoid,2,250,logcosh,<tensorflow.python.keras.optimizer_v2.adam.Adam object at 0x7fc6504f7c70>
47,01/21/21-160726,01/21/21-160727,1.2071740627288818,39,0.6731421947479248,0.6043165326118469,0.6567246317863464,0.6627907156944275,sigmoid,8,160,binary_crossentropy,<tensorflow.python.keras.optimizer_v2.adam.Adam object at 0x7fc6504f7c70>
48,01/21/21-160729,01/21/21-160731,2.472163200378418,140,0.448612242937088,0.8345323801040649,0.5087272524833679,0.7558139562606812,elu,30,140,binary_crossentropy,<tensorflow.python.keras.optimizer_v2.adam.Adam object at 0x7fc646b00970>
49,01/21/21-160733,01/21/21-160736,3.059349298477173,180,0.41533783078193665,0.8489208817481995,0.49602746963500977,0.8488371968269348,elu,50,180,logcosh,<tensorflow.python.keras.optimizer_v2.adam.Adam object at 0x7fc6504f7c70>
50,01/21/21-160737,01/21/21-160743,6.12244176864624,250,0.3462369740009308,0.8920863270759583,0.4097340703010559,0.8488371968269348,sigmoid,8,250,binary_crossentropy,<tensorflow.python.keras.optimizer_v2.adam.Adam object at 0x7fc6504f7c70>
51,01/21/21-160745,01/21/21-160748,3.697065830230713,250,0.3223942220211029,0.8848921060562134,0.4197990894317627,0.8372092843055725,elu,50,250,logcosh,<tensorflow.python.keras.optimizer_v2.adam.Adam object at 0x7fc6504f7c70>
52,01/21/21-160750,01/21/21-160750,0.6437311172485352,19,0.6770136952400208,0.5539568066596985,0.6688143014907837,0.5930232405662537,elu,15,140,binary_crossentropy,<tensorflow.python.keras.optimizer_v2.adam.Adam object at 0x7fc6504f7c70>
53,01/21/21-160752,01/21/21-160755,3.222364902496338,180,0.5375972390174866,0.7841726541519165,0.5724620819091797,0.7441860437393188,sigmoid,15,180,binary_crossentropy,<tensorflow.python.keras.optimizer_v2.adam.Adam object at 0x7fc6504f7c70>
54,01/21/21-160757,01/21/21-160800,3.8229105472564697,220,0.4518638849258423,0.8489208817481995,0.5290075540542603,0.7209302186965942,sigmoid,15,220,binary_crossentropy,<tensorflow.python.keras.optimizer_v2.adam.Adam object at 0x7fc6504f7c70>
55,01/21/21-160802,01/21/21-160804,2.276211738586426,140,0.48280248045921326,0.8057553768157959,0.5302463173866272,0.8372092843055725,elu,30,140,logcosh,<tensorflow.python.keras.optimizer_v2.adam.Adam object at 0x7fc646b00970>
56,01/21/21-160806,01/21/21-160807,1.1111891269683838,19,0.6875427961349487,0.5611510872840881,0.682772696018219,0.5930232405662537,sigmoid,2,180,logcosh,<tensorflow.python.keras.optimizer_v2.adam.Adam object at 0x7fc6504f7c70>
57,01/21/21-160808,01/21/21-160812,3.819669723510742,220,0.3550690710544586,0.8417266011238098,0.4367254972457886,0.8139534592628479,sigmoid,15,220,binary_crossentropy,<tensorflow.python.keras.optimizer_v2.adam.Adam object at 0x7fc646b00970>
58,01/21/21-160813,01/21/21-160816,2.3909406661987305,160,0.47443199157714844,0.8489208817481995,0.5447184443473816,0.7906976938247681,elu,50,160,logcosh,<tensorflow.python.keras.optimizer_v2.adam.Adam object at 0x7fc6504f7c70>
59,01/21/21-160817,01/21/21-160820,2.5494935512542725,140,0.5198304653167725,0.8057553768157959,0.5621607303619385,0.7674418687820435,sigmoid,15,140,binary_crossentropy,<tensorflow.python.keras.optimizer_v2.adam.Adam object at 0x7fc646b00970>
